Item,Price
Packing Tape,3.00
Pallet,5.00
Trash removal,0.00
Aagi no Moto - 16 oz,75.00
Aagi no Moto 8 oz,75.00
Aaji No Moto- Himalaya,20.00
Agar Agar 10 Pcs. X 1 Oz.,13.00
Aloe Vera 1.5Lts. /12,24.00
Aloe Vera Fresh,24.00
Amul 1 Kg.,95.00
Asparagus,28.00
Bajri Rotla 4 Pcs.,2.50
Bakkerkhani,0.00
Bamboo Shoot Fresh,139.00
Bamboo Shoot Sliced 24 x 19 oz.,46.00
Bamboo Shoot Strips,55.00
Banana Chiips,14.50
Banana Flower,59.00
Banana Leaves Fresh,1.50
Banana Plants,40.00
Banana Steams,32.00
Basil,15.00
Basil Leaves,0.00
Basmati Rice 10 Lb. X 4 Bags,37.00
Batthu,55.00
Beets,14.00
Bell Fruit,11.50
Bell Pepper,36.00
Bell Pepper Red,42.00
Besan Laxmi 10 X 4 Lbs.,38.00
Bhakti Navagragh Pooja Cloth,80.00
Bhakti Rangoli Kit with Stensil,84.00
Bili Leaves,1.00
Biodegradable 10 ' 3 Comp Plate,52.00
Biodegradable 10 ' Plain Plates,52.00
Biodegradable 12 Oz. Bowl 1000c,52.00
Biodegradable 5 Comp Plate,53.00
Biodegradable 6 Oz. Bowl 500c,38.00
Biodegradable 7 ' Compartment,53.00
Biodegradable 7 ' Plain Plate,45.00
Biodegradable 9 ' 3 Comp Plate,40.00
Biodegradable 9 ' Plain Plate,40.00
Biodegradable 9 Compartment 200,60.00
Bitterball,0.00
Bittermelon Chinese,42.00
Black  Beans 15.5 Oz.,19.00
Black Eye Beans 15.5 Oz.,20.00
Black Eye Peas 20 Lbs.,55.00
Bok Choi,34.00
Bok Choi Sum ( Baby),28.00
Bombay Pav,18.00
Bor # 1,85.00
Bread,18.00
Broccoli,25.00
Broom,2.50
Broom Steel Handle,1.50
Burro Banana,30.00
Butter Squash,38.00
Cabbage Chinese,41.00
Cabbage Flat,24.00
Cabbage in Box,35.00
Cactus Pear Red,51.00
Cake Rusk,49.00
Calabasa - Round Gray,45.00
Calabasa -Larga Long,39.00
Calabaza - Pumpkin,0.90
Calabaza Bag,24.50
Calaloo - -Tandalja ni Bhaji -,35.00
Carrot Baby,30.00
Carrot Indian,48.00
Carrots,30.00
Carrots 1 LB. bag/ 30,25.00
cash,16.00
Cauliflower 12 Heads,39.00
Cauliflower 15 Heads,0.00
Cauliflower 9 Heads,15.00
Cauliflower Chinses 25 Lbs.,35.00
Celery,30.00
Chaat Papri 16 X 285 Gms.,58.00
Chakoh Coconut Milk Powder 160,42.00
Chakoh Curry Paste 24 X 14 oz.,49.00
Chakoh Sriracha Chilli Sauce 12,22.00
Chakoh Sweet Chilli Sauce 24 X,45.00
Chakoh Sweet Chillie Sauce 32 O,30.00
Chakra Display 84Ct,25.00
Chakra Display 90 Pcs.,30.00
Champion Chowmein- Fine,41.00
Chat Para 24 Packs,50.00
Chayote,36.00
Chayote Black,45.00
Chayote Leaves,3.00
Chayote Mexican,45.00
Chayote White,44.00
Cheak Peas,28.00
Chestnut,90.00
Chick Peas 110 Oz.,42.00
Chick Peas 15.5 oz.,32.00
Chick Peas 29 oz.,32.00
Chick Peas 47 Oz.,42.00
Chief Chinese Sauce,68.00
Chilli Paste in Oil 250 Gms.X 2,60.00
Chinese Celery,42.00
Chiplin Fresh Leaves,30.00
Chives Flower,24.00
Chori,55.00
Chutney,1.50
Cilantro Macho,32.00
Coconut Box,38.00
Coconut Chips,12.00
Coconut Dry,48.00
"Coconut Dry - EZ Open 22 Ct.,",34.00
Coconut Dry In Box,42.00
Coconut Green,25.00
Coconut Milk - Chakoh,32.00
Coconut Milk - Coco Brand,20.00
Corn,22.00
Corn in Can,46.00
CranBerry Beans,58.00
CREDIT,0.00
Cucumber,42.00
Cucumber Persian,39.00
Culantro,35.00
Curry Leaves,128.00
Dahi - 2 Lbs.,23.00
Dahi - 2 Lbs. Greek Yogurt,29.00
Dahi - 2 Lbs. Low Fat,23.00
Dahi - 2 Lbs. Malai.,19.00
Dahi - 2 Lbs. Non Fat,23.00
Dahi - 2 Lbs. Organic,31.00
Dahi 4 Lb. Regular,33.00
Dahi 4Lbs. Low Fat,33.00
Dahi Bucket,27.00
Dahi Mango 2 Lb./8 Pks,24.00
Dahi Mango 5.3 Oz./24pks,20.00
Dahi Plain 4 Oz./ 12 pks,8.00
Dahi Strawbery 4 Oz./ 12pks,8.00
Daily,0.00
Daily:Avocados,39.00
Daily:Tomato Plum,22.00
dano milk powder,156.00
dano milk powder Pcs,26.00
Darbar  Creamy Sela Basmati 20,34.00
Darbar Golden Sela Basmati 10 l,34.00
Darbar Masmati Rice 10Lb.,35.00
Darket Flower 10 Lb.,72.00
Darket Flower Leafs,55.00
Data Saag,45.00
Dates - Medjool,44.00
Dates - Pitted Meharban 12 X 24,36.00
DD Kerala Mixture 24 X 400,55.00
DD Kerala Mixture HOT 24 X 400,55.00
DD Sambar Ready To Mix 454 Gms,60.00
Deshi Okra,20.00
Desi Ghee 16 Oz.,65.00
Desi Ghee 32 Oz.,120.00
Desi Papri 10Lbs,45.00
Desi Papri 20Lbs,60.00
Dhania-Local,26.00
Dhania-TX- Wood,30.00
Dhania - 60 Bunches Paperbox,33.00
Dhoop Stick,4.50
Dill,36.00
Din Din  Candy Jar 24 Bottles,4.00
Din Din Candy Cup 12 Cups,1.00
Diya Single Fancy,0.50
Diya with WAX,2.50
Dosa mix,17.00
Dosa Mix Vijay,40.00
Dosakai,42.00
Drinks,0.00
Drinks:Aloe Vera Drink 16 Oz.Organic,30.00
Drinks:Aloe Vera Drink 16.9 Oz. X 20,22.00
Drinks:Aloe Vera Drink 50.7 Oz Organic,42.00
Drinks:Aloe Vera Drink 50.7Oz.X 12,32.00
Drinks:Aloe Vera Lemon Ginger 20/16.9,24.00
Drinks:Aloe Vera Watermelon 16.9 oz.,21.00
Drinks:Bubble Tea 24 X 16.6 oz.,39.00
Drinks:cash,18.00
Drinks:Cherry Juice 12/ 33.8 Oz.,32.00
Drinks:COCO Coconut milk Drink 16.40 F,34.00
Drinks:COCO Coconut milk Drink 9.8 Fl.,38.00
Drinks:Coco Coconut Water 9.8 Oz. X 24,18.00
Drinks:Fanta,18.00
Drinks:Foco - Coconut,29.00
Drinks:Foco - Coconut Tall,36.00
Drinks:Foco - Guava,32.00
Drinks:Foco - Lychee,32.00
Drinks:Foco - Mango,33.00
Drinks:Foco - Passian Fruit,32.00
Drinks:Foco - Pomagranate drink,33.00
Drinks:Foco - Sugarcane,29.00
Drinks:Foco - Tamaraind,32.00
Drinks:Foco - Tamarind Tall,37.00
Drinks:Guava Drinks 8.45 Oz.,6.00
Drinks:Guava Nectar 1 Lit X 6 Pcs.,13.50
Drinks:Lassi-Mango,24.00
Drinks:Lassi-Rose,24.00
Drinks:Lassi-Strawberry,24.00
Drinks:Lassi-Sweet,24.00
Drinks:Limca Bottle 330 Mls.,16.00
Drinks:Limca Cans 250 Mls.,19.00
Drinks:Lucozade Glucose drink 12 X 1 L,28.00
Drinks:Lucozade Orange Drink 12 X 1 Li,28.00
Drinks:Lucozade Orange Small,21.00
Drinks:Maaza Guava 12 X 330 Ml.,12.00
Drinks:Maaza Lychee 6X1 Lit,14.00
Drinks:Mango Drink  8.45 oz.,0.00
Drinks:Mazaa Guava 12 X 330 Mls.,13.00
Drinks:Mazaa Guava 6 X 1 Lt.,13.00
Drinks:Mazaa Lyche 12 X 330 Mls.,13.00
Drinks:Mazaa Lyche 6 X 1Lt.,13.00
Drinks:Mazaa Mango 12 X 330 ml.,13.00
Drinks:Mazaa Mango 6 X 1Lt..,13.00
Drinks:Milo Powder,54.00
Drinks:Panchy Drink 250 Mls. X 30,18.00
Drinks:Pomagranate Juice,43.00
Drinks:Pomagranate Juice Organic 12/33,32.00
Drinks:Pomagranate Juice Small,22.00
Drinks:Ramune Drink Bottle Soda,36.00
Drinks:Rice Milk 16.9 Oz./20 Pks,24.00
Drinks:RoohAfza,45.00
Drinks:Sip Masala Soda 500 Ml.,49.00
Drumstic Premium,90.00
Drumstics,150.00
Drumstics Leaves,55.00
Edoes Guyana,1.60
Edos,65.00
Edos Chinese,39.00
Egg Noodles,60.00
Eggplant  American,24.00
Eggplant  Jelio,60.00
Eggplant African,95.00
Eggplant Canadian,14.00
Eggplant Chinese,59.00
Eggplant Green - Long,58.00
Eggplant Green - Round,45.00
Eggplant Griffiti,45.00
Eggplant Guyanish,35.00
Eggplant Indian - Round,34.00
Eggplant Indian Local,22.00
Eggplant Italian,24.00
Eggplant Japanish,42.00
Eggplant Philipino,59.00
Eggplant Plants,21.00
Eggplant Thai,52.00
Eggplant Thai White,59.00
Eggplant White - Long,40.00
Eggplant White - Round,73.00
Electrical Plug,1.00
Euro Idly Pot,8.00
Extra Virgin Oil,62.00
Fatafat Candy 18 Jars,90.00
Fava Beans,50.00
Fiddle Head,0.00
Fig Fresh 6 Pcs,4.50
Figs Crown 24/14oz.,98.00
First Love Perfume 100 Mls.,264.00
Flat Beans,72.00
Flat Puri,50.00
Flowers,25.00
Foam Bowl 12.9 Oz,19.00
Foam Bowl 5 Oz.,18.00
Foam Bowl 6 Oz.,22.00
Foam Cups 6.oz,45.00
Foam Cups 8.oz,40.00
Foam Plates 5 comp,45.00
Foam Plates 6 Comp,35.00
Foam Plates 9' 3 Comp,18.00
Foam Plates 9 ' Plain,18.00
Fork White,12.00
frame,15.00
FREIGHT,0.00
Fresh Almond,0.00
Fresh Chick Peas,57.00
Fresh Green Peas,28.00
Fresh Peanuts,48.00
Fresh Tamarind,45.00
FROZEN,
FROZEN:Amul Butter 1.1 Lb/ 20 Pks.,105.00
FROZEN:Banana Leaves # 20,33.00
FROZEN:Broccoli Chopped 12 X 2.5 LBs.,33.00
FROZEN:Broccoli Spears 12 X 2  LBs.,34.00
FROZEN:Butter Desi,90.00
FROZEN:Carrots Diced,18.00
FROZEN:Cauliflower Frozen,31.00
FROZEN:Chapati - Malasian,57.00
FROZEN:Chapati Family Pack,65.00
FROZEN:Chapati Oat Family Pack,54.00
FROZEN:Chapati Reg - Kawan,54.00
FROZEN:Chopped Spinach Endico,28.00
FROZEN:Chopped Spinach Regal,29.00
FROZEN:Coconut Water - David,26.00
FROZEN:Corn cut Regal,36.00
FROZEN:Cut Beans - Regular cut 12/ 2 l,25.00
FROZEN:Cut Beans 1,18.00
FROZEN:Cut Okra Regal 12 X 2 Lbs.,28.00
FROZEN:DD Aviyal Mix,60.00
FROZEN:DD Banana Fry,55.00
FROZEN:DD Banana Roast,50.40
FROZEN:DD Breadfruit,52.00
FROZEN:DD Cabbage Wada 300 Gms. X 28 P,58.00
FROZEN:DD Canadian Paratha,48.00
FROZEN:DD Canadian Square Roti 30 Pcs.,49.00
FROZEN:DD Chapati,46.00
FROZEN:DD Chapati Home Made Style,59.00
FROZEN:DD Chicken Biriyani,66.00
FROZEN:DD Chicken Curry,74.00
FROZEN:DD Chicken Tikka Masala,77.00
FROZEN:DD Chinese Potato Block,52.00
FROZEN:DD Chinese Potato Cooked,87.00
FROZEN:DD CKD PD T/Off 100/150 10 X 2L,106.00
FROZEN:DD CKD PD T/Off 91/110 10X2 Lbs,113.00
FROZEN:DD Cocktail Samosa 300 Gms. X 1,26.00
FROZEN:DD Coconut Shredded  100 Gms. X,70.00
FROZEN:DD Coconut Shredded 454 Gms. X,80.00
FROZEN:DD Coconut Sliced,76.00
FROZEN:DD Cut Mango,76.00
FROZEN:DD Cut Okra,40.00
FROZEN:DD Cutlets,50.40
FROZEN:DD Daily D Plum Special 700 X 1,84.00
FROZEN:DD Dates & Cashew Cake 700 Gms.,97.00
FROZEN:DD Desi Delight Parotha 908 Gms,69.00
FROZEN:DD Drum Stick,88.00
FROZEN:DD Drum Stick 12 Pkts,22.00
FROZEN:DD Edo,48.00
FROZEN:DD Elayada,77.00
FROZEN:DD Elayada Jackfruit,77.00
FROZEN:DD Fish Biriyani 10 oz X 28 pkt,68.00
FROZEN:DD Fruit Rich Plum 700 Gms.,88.00
FROZEN:DD Garlic Pearls 282 gms. X 18,53.00
FROZEN:DD Gooseberry,70.00
FROZEN:DD Green Chilli,40.00
FROZEN:DD Idiyapam - WHITE,59.00
FROZEN:DD Idiyapum - BROWN,50.00
FROZEN:DD Idly,62.00
FROZEN:DD Idly Vada,38.00
FROZEN:DD Jackfruit,75.00
FROZEN:DD Jackfruit Cake 700 X 12 Pks,99.00
FROZEN:DD Jackfruit Seeds,72.00
FROZEN:DD Jackfruit Sliced 400 Gms. X,78.00
FROZEN:DD Jalebi Red 227 Gms X 28,74.00
FROZEN:DD Jalebi yellow 227 Gms X 12,34.00
FROZEN:DD Kerala Chicken Curry 10 10oz,77.00
FROZEN:DD Kerala Fish Curry,108.00
FROZEN:DD King Fish Steak 10X4 5/10,185.00
FROZEN:DD King Fish Steak 2X20 Lbs.,168.00
FROZEN:DD Kumblyppum,48.60
FROZEN:DD Laddu,50.40
FROZEN:DD Lamb Biriyani,73.00
FROZEN:DD Long Beans,36.00
FROZEN:DD Mackerel Curry 1 lbs X 28 Pc,57.00
FROZEN:DD Mackerel P/R 2lb.X 20 Pks.,97.00
FROZEN:DD MackeWhole 2lb. X 20 Pks.,76.00
FROZEN:DD Masala Dosa,50.40
FROZEN:DD Masala Dosa Wada,34.00
FROZEN:DD Mature Plum  800 Gms. X 12 P,85.00
FROZEN:DD Mixed Veg.,36.00
FROZEN:DD Mixed Veg. Wrap,38.00
FROZEN:DD Momos Shrimp,43.00
FROZEN:DD Momos Vegetables,41.00
FROZEN:DD Mutton Biriyani,73.00
FROZEN:DD Mutton Curry,98.00
FROZEN:DD Neyyappam,56.00
FROZEN:DD Ottapam,30.00
FROZEN:DD Palada,48.00
FROZEN:DD Palappam,44.00
FROZEN:DD Paratha 28 Pcs.,62.00
FROZEN:DD Paratha Aaloo,46.00
FROZEN:DD Paratha Ceylon,60.00
FROZEN:DD Paratha Desi Delight 908 Gms,62.00
FROZEN:DD Paratha Family,59.00
FROZEN:DD Paratha Jeera,50.00
FROZEN:DD Paratha Jumbo Cooked 908 Gms,62.00
FROZEN:DD Paratha Kothu 2lb X 16 Pks.,60.00
FROZEN:DD Paratha Kothu 350 Gms. X 36,60.00
FROZEN:DD Paratha Malabar,62.00
FROZEN:DD Paratha Malabar Family,72.00
FROZEN:DD Paratha Onion,50.00
FROZEN:DD Paratha Orange 330 Gms. X 12,23.00
FROZEN:DD Paratha Quinoa,82.00
FROZEN:DD Paratha Restaurant Style 454,69.00
FROZEN:DD Paratha Wheat,46.00
FROZEN:DD Parippuvada 300 Gms. X 28 Pk,53.00
FROZEN:DD Parotha BeetRoot 330 Gms.X12,25.00
FROZEN:DD Parotha Blueberry,25.00
FROZEN:DD Parotha Carrot 330 Gms. X 12,25.00
FROZEN:DD Parotha Coriender 330 Gms. X,25.00
FROZEN:DD Parotha Green Apple 330 Gms.,25.00
FROZEN:DD Parotha Mango,25.00
FROZEN:DD Parotha Orange 330 Gm X 12 P,26.50
FROZEN:DD Parotha Real Choc 330 Gms. X,25.00
FROZEN:DD Parotha Spinach 330 Gms. X 1,25.00
FROZEN:DD Parotha Strawberry 330 Gms.,25.00
FROZEN:DD Plum Cake 12 Pcs. X 700 Gms.,60.00
FROZEN:DD Plum Cake 350Gms. X 18,68.00
FROZEN:DD Plum Daily N Cashew  700 Gms,88.00
FROZEN:DD Plum Magic 700gms. X 12,60.00
FROZEN:DD Plum Mature Cake 800 Gms. X,90.00
FROZEN:DD Porotha Veg Coriender 300 Gm,25.00
FROZEN:DD Potato Masala,38.00
FROZEN:DD Puff,46.80
FROZEN:DD Puff Pastry 530 Gms. X  26 P,81.00
FROZEN:DD Punjabi Samosa 6 X 25 Pcs.,75.00
FROZEN:DD Puttu Kadala Brown,38.00
FROZEN:DD Puttu Kadala White,37.00
FROZEN:DD Ratalu,44.80
FROZEN:DD Red Onion frozen,85.00
FROZEN:DD Red Onion Vada 300 Gms.X 12,26.50
FROZEN:DD Rich Plum Cake 700 Gms. X 12,88.00
FROZEN:DD Romali Roti,50.00
FROZEN:DD Roti Wrap Mixed Vegetables,38.00
FROZEN:DD Roti Wrap Potatos Masala,45.00
FROZEN:DD Sambar Mix,52.00
FROZEN:DD Sambar Ready to Eat 454Gms.X,24.00
FROZEN:DD Samosa,42.00
FROZEN:DD Samosa Restaurant 10 X 1135,77.00
FROZEN:DD Samosa Veg. 227 Gms.X 28 Pks,49.00
FROZEN:DD Sardine Whole 2ld. X 20 Pks.,50.00
FROZEN:DD Shrimp Biriyani,70.00
FROZEN:DD Shrimp Curry,82.00
FROZEN:DD Silver Belly 2lb. X 20 Pack,76.00
FROZEN:DD Snake guard,59.00
FROZEN:DD Spinach Wada 300 Gms . X 28,57.00
FROZEN:DD Tandoori Naan 24 Pks.,45.00
FROZEN:DD Tapioca,48.00
FROZEN:DD Tapioca Sliced,52.00
FROZEN:DD Tender Jackfruit 32 X .88Lbs,92.00
FROZEN:DD Tender Jackfruit 400gms.,34.00
FROZEN:DD TenderJack Burger 283 Gms. X,55.00
FROZEN:DD Tindora,42.00
FROZEN:DD Upamas,39.20
FROZEN:DD Uttapum,42.00
FROZEN:DD Uttapum Onion,42.00
FROZEN:DD Uzhunnuvada,42.00
FROZEN:DD Vattayappam,42.00
FROZEN:DD Veg. Pulav,54.00
FROZEN:DD Vegetables Burger 283 Gms. X,48.00
FROZEN:DD Vellayappam,42.00
FROZEN:DD Yam,46.00
FROZEN:DD Yuca Cassava 908 gms. X 18 P,52.00
FROZEN:Deep - Aloo Paratha,54.00
FROZEN:Deep - Bhatura 20 Pcs.(8),67.00
FROZEN:Deep - Bhatura 5 Pcs.,60.00
FROZEN:Deep - ChiliCoriander Naan ( 24,48.00
FROZEN:Deep - Cocktail Dal Samosa,75.00
FROZEN:Deep - Cocktail Potato Samosa,75.00
FROZEN:Deep - Coconut Shredded.,48.00
FROZEN:Deep - Dahi Vada 10 Pcs.,29.00
FROZEN:Deep - Diced Potato 12 Oz.,29.00
FROZEN:Deep - Fafda,39.00
FROZEN:Deep - Family Paratha Mirch Mas,49.00
FROZEN:Deep - Famliy Paratha,63.00
FROZEN:Deep - Garlic Naan 12 Pcs.,55.00
FROZEN:Deep - Garlic Naan 4 Pcs.,64.00
FROZEN:Deep - Home Style Paratha,55.00
FROZEN:Deep - Idly Family Packs 24 Pcs,42.00
FROZEN:Deep - Jumbo Samosa 60 Pcs.,42.00
FROZEN:Deep - Lilva Kachori,33.00
FROZEN:Deep - Masala Dosa 4 Pcs X 12,28.00
FROZEN:Deep - Masala Paratha 5 Pcs (24,51.00
FROZEN:Deep - Menduvada,28.00
FROZEN:Deep - Methi Chopped 10 oz. X 2,45.00
FROZEN:Deep - Methi Paratha,51.00
FROZEN:Deep - MixVeg. Paratha,70.00
FROZEN:Deep - Muthia 12 Oz. X 24,40.00
FROZEN:Deep - Mysore Masala Dosa 4 Pcs,25.00
FROZEN:Deep - Onion Kulcha 4 Pcs. X 24,49.50
FROZEN:Deep - Onion Naan Kontos 10 Pcs,36.00
FROZEN:Deep - Paneer Kulcha 4 Pcs.,37.00
FROZEN:Deep - Paneer Paratha,70.00
FROZEN:Deep - Punjabi Samosa 8 pcs (8),45.00
FROZEN:Deep - Punjabi Tinda 12 Oz.,37.00
FROZEN:Deep - Ratalu,60.29
FROZEN:Deep - Samosa Jalapinios 24 Pcs,63.00
FROZEN:Deep - Samosa Party Veg 24 Pcs.,63.00
FROZEN:Deep - Spring Roll 10 Pcs. X 12,73.50
FROZEN:Deep - Surti Papri,49.00
FROZEN:Deep - Tandoori Naan 16 Pcs.,51.00
FROZEN:Deep - Tandoori Naan 5 Pcs,57.00
FROZEN:Deep - Tandoori Roti 5 Pcs,68.00
FROZEN:Deep - Tuver Lilwa,44.00
FROZEN:Deep - Whole Wheet Naan,63.00
FROZEN:Flaky Paratha Malaysian,62.00
FROZEN:French Fries 3/8 Reddy Raw,39.00
FROZEN:Green Peas Regal 12 X 2.5 Lbs.,33.00
FROZEN:Gulab Jamun,68.00
FROZEN:Gulab Jamun 850 Gms. X 10,55.00
FROZEN:Gulab jamun in Drum,68.00
FROZEN:Gulab Jamun Kaleva 200 Pcs.,65.00
FROZEN:Gulab Jamun Kaleva 300 Pcs.,67.00
FROZEN:Italian Blend Regal,34.00
FROZEN:Jack Fruit - G & F,112.00
FROZEN:Jackfruit Green,140.00
FROZEN:Lima Beans Regal 12 X 2.5 Lbs.,50.00
FROZEN:Mix Vegetables 12 X 2.5 Lbs.,33.00
FROZEN:Mustard Green,46.00
FROZEN:Nanak Gulab Jamun 300 Pcs.,79.00
FROZEN:Onion Diced,14.00
FROZEN:Oriental Blend,20.00
FROZEN:Paratha Family Pack,65.00
FROZEN:Paratha Malaysian,57.00
FROZEN:Paratha Mini Malaysian,40.00
FROZEN:Paratha Onion Family pack,72.00
FROZEN:Paratha Reduced Fat Malaysian,57.00
FROZEN:Paratha Wheat Malaysian,72.00
FROZEN:Peas & Carrot Regal,32.00
FROZEN:Pigeon Peas,22.00
FROZEN:Punjabi Samosa 12 X 8 75 Gms.La,59.00
FROZEN:Raju 7' 3 Cheese Pizza 7 Oz.,30.00
FROZEN:Raju 7' Paneer Tikka Pizza,30.00
FROZEN:Raju 7 ' Italiano Pizza 7 Oz.,34.00
FROZEN:Raju 7 ' Tex-Mex Pizza 7Oz./12,30.00
FROZEN:Raju 7 ' Veggie Delight Pizza,30.00
FROZEN:Raju Bumbaiya Vada Patty,39.00
FROZEN:Raju Cheese Chillie Corn Pocket,49.00
FROZEN:Raju Cheese Jalapeneo Samosa 19,57.00
FROZEN:Raju Cheesy Mex Beans Pocket,47.00
FROZEN:Raju Chinese Spring Samosa,49.00
FROZEN:Raju Dal Makhani 10 Oz./ 12,30.00
FROZEN:Raju Dum Biriyani 10 oz.,31.00
FROZEN:Raju Methi Mutter Malai 10 Oz.,39.00
FROZEN:Raju Palak Paneer 10 Oz. / 12,39.00
FROZEN:Raju Paneer Butter Masala 10 Oz,39.00
FROZEN:Raju Paneer N Cheese Samosa,57.00
FROZEN:Raju Paneer Tikka Masala 10 Oz.,39.00
FROZEN:Raju Paneer Tikka Pizza 7 Oz. /,30.00
FROZEN:Raju Pav Bhaji 10 Oz. / 12,32.00
FROZEN:Raju Punjabi Chole 10 Oz. / 12,30.00
FROZEN:Raju Punjabi Samosa 24 Pcs/ 6,48.00
FROZEN:Raju Punjabi Samosa nonG,46.00
FROZEN:Raju Sabudana Wada 20 Pcs./ 12,39.00
FROZEN:Rasmalai 20 Pcs 8 Packs Kaleva,75.00
FROZEN:Rasmalai Big 12 Pcs.- Nanak,98.00
FROZEN:Rasmalai Kesar 1 Kg. X 10,90.00
FROZEN:Rasmalai Mango 850 Gms. X 10,78.00
FROZEN:Rasmalai Small 20 Pcs.,98.00
FROZEN:Rasmalai Small 8 Pcs.,48.00
FROZEN:Roti Paratha Plain Kawan 24 X 5,64.00
FROZEN:Samosa Sheet Gold Label 30 X 14,72.00
FROZEN:Samosa Sheet TYJ 40/ 50 pcs. 6',59.00
FROZEN:Samosa Sheet TYJ40 /25 Pcs. 8 ',52.00
FROZEN:Samosa Sheet Wei Chuan,52.00
FROZEN:Samosa Veg. 15 X 1 Kgs.,68.00
FROZEN:Samosa Veg. 20 X 500 Gms.,55.00
FROZEN:Soy Beans Kernal 20/1 Lbs.,30.00
FROZEN:Sumeru Grated Coconut 28 X 454,66.00
FROZEN:Supari Green/ Yellow (12 Pieces,89.00
FROZEN:Tortila Land 8 X 50 Pcs.,68.00
FROZEN:Tree Tomatoes 16 X 16 Oz.,37.00
FROZEN:Tree Tomatoes 7 X 48 Oz.,44.00
FROZEN:Tuver Lilwa - Shana,21.00
FROZEN:Veg Kabab,53.00
Fruit Candy Chewing,55.00
Fruit Candy Chewing:Golden Canary Melon,35.00
FRUITS,0.00
FRUITS:Anar 22 Sz.,49.00
FRUITS:Anar 30 Sz.,32.00
FRUITS:Anar 6 Sz.,24.00
FRUITS:Anar Loose,65.00
FRUITS:Apple 72 pcs.,36.00
FRUITS:Apple Gala,60.00
FRUITS:Apple Gala Baby 175 Ct,32.00
FRUITS:Apple Golden,40.00
FRUITS:Apple Green,35.00
FRUITS:Apple Lady,55.00
FRUITS:Banana,25.00
FRUITS:Banana - Green,20.00
FRUITS:Banana Baby,20.00
FRUITS:Banana Red,18.00
FRUITS:Banana Thai,39.00
FRUITS:Bartlett Pears,40.00
FRUITS:Black Grapes Seedless,33.00
FRUITS:Blueberry,0.00
FRUITS:Bor # 2,59.00
FRUITS:Breadfruit,45.00
FRUITS:Canery Melon,35.00
FRUITS:Cantalop Golden 12 Size,34.00
FRUITS:Cantalops 9 Sz.,39.00
FRUITS:Cherry,24.00
FRUITS:Chickoo,59.00
FRUITS:Clementine 37 Lbs.,34.00
FRUITS:Clementine Loose,28.00
FRUITS:Dates ---  Fresh,65.00
FRUITS:Dragon Fruit,24.00
FRUITS:Fresh peanuts,60.00
FRUITS:Grapes,35.00
FRUITS:Grapes Baby,47.00
FRUITS:Grapes Baby Basket,45.00
FRUITS:Grapes Black,24.00
FRUITS:Grapes Red,10.00
FRUITS:Green grapes,12.00
FRUITS:Green Jack Fruit,45.00
FRUITS:Guava - Thai,65.00
FRUITS:Guava Chinese,65.00
FRUITS:Guava Mexican in CTN,49.00
FRUITS:Hami Melon,29.00
FRUITS:Honeydew 6 Sz.,31.00
FRUITS:Jamboo,0.00
FRUITS:Kenepas,39.00
FRUITS:Kharbooja,49.00
FRUITS:Kiwi Loose,35.00
FRUITS:Lychee,50.00
FRUITS:Mag Melon,34.00
FRUITS:Mandarine 2X,28.00
FRUITS:Mandarine 3X,29.00
FRUITS:Mango,180.00
FRUITS:Mango - Mingolo,18.00
FRUITS:Mango 7 Size,11.00
FRUITS:Mango Atulofo 14 Sz.,14.00
FRUITS:Mango Baby  Lbs.,48.00
FRUITS:Mango Dominican 20 Lbs.,13.00
FRUITS:Mango Hadan,8.00
FRUITS:Mango Haiti,15.00
FRUITS:Mango Kent,13.00
FRUITS:Mango Makila,22.00
FRUITS:Mangosteen,100.00
FRUITS:Manzano Banana 20 Lb.,35.00
FRUITS:Mexican Fruit,22.00
FRUITS:Orange 40 Sz.,38.00
FRUITS:Orange 56 Sz.,37.00
FRUITS:Orange 72 Size,36.00
FRUITS:Orange 88 Size,34.00
FRUITS:Pamelo,42.00
FRUITS:Papaya Red,35.00
FRUITS:Papaya Yellow,46.00
FRUITS:Papaya Yellow Small,24.00
FRUITS:Passion Fruit,39.00
FRUITS:Peach,42.00
FRUITS:Pear Brown 90 Sz.,36.00
FRUITS:Pear Duckwell,54.00
FRUITS:Pear Green,28.00
FRUITS:Pear Green 70 SZ.,39.00
FRUITS:Pear Korean 12 Pcs.,32.00
FRUITS:Pear Korean 24 Pcs.,30.00
FRUITS:Pear Yali 80ct,34.00
FRUITS:Persimmon 25 Lbs.,49.00
FRUITS:Persimmon 35 SZ.,12.00
FRUITS:Persimmon 9 SZ.,9.00
FRUITS:Plum,44.00
FRUITS:Ramfal,55.00
FRUITS:Ripe Jackfruit / lb.,1.10
FRUITS:Sitafal,69.00
FRUITS:Star Fruit,24.00
FRUITS:Sugar Cane Fresh,28.00
FRUITS:Tangerine Bag,28.00
FRUITS:Tangerine Big Box,52.00
FRUITS:Tangerine Box 3 X,30.00
FRUITS:Watermelon Pcs.,40.00
FRUITS:Watermelons,270.00
FRUITS:Young Coconut,28.00
Fumigation,0.00
Fuzzy Squash,35.00
Galka - Ghiraoula,63.00
Garbage Bag,12.00
Garlic Loose,69.00
Garlic Peeled 1 lb. X 20 Packs,60.00
Garlic Peeled 5 lb. Jar case,89.00
Garlic Regular,65.00
Garlic Regular 20 Lb.s,60.00
Ghee 128. Oz,265.00
Ghee 16.oz,199.00
Ghee 2 Oz.,48.00
Ghee 32.oz,199.00
Ghee 64.oz,199.00
Ghee 8.oz,55.00
Ghost Pepper Plants,25.00
Ginger & Garlic Paste,45.00
Ginger Brazillian,58.00
Ginger Gralic Paste 12 X 24 Oz.,42.00
Ginger Hawaii,18.00
Ginger Orgenic,50.00
Ginger Paste Laxmi,42.00
Ginger Regular,64.00
Ginger Young,40.00
Glost papper plants,25.00
Gongura flower,35.00
Gongura leaf,69.00
Green Chana,52.00
Green Garlic,35.00
Green Jackfruit in Can 24 X 20,49.00
Green Leafs,45.00
Grocery,0.00
Grocery:2Minutes Tomato Rasam 36 Packs,52.00
Grocery:Aaji No Moto 1 lb. X 50 Bags,100.00
Grocery:Aaji No Moto 8 Ox. X 30 Bags,60.00
Grocery:Aashirwad Aata,14.50
Grocery:Agarbatti 25 Doz.,100.00
Grocery:Atta,13.00
Grocery:Badshah Punjabi Masala,130.00
Grocery:Bajaj Almond Drop Oil 200 Ml. X,70.00
Grocery:Bajaj Almond Drop Oil 300 Ml. X,65.00
Grocery:Bajaj Kailas parbat Cooling Oil,95.00
Grocery:Bakaji Gur Rewari 400 Gms. 20 C,50.00
Grocery:Banana Blosom in can,38.00
Grocery:Beauty Cream AM 50 Gms. X 72,240.00
Grocery:Beauty Cream Ayur 50 Gms.X 72,180.00
Grocery:Beauty Cream MA 50 Gms. X 72,200.00
Grocery:Beauty Cream MA 80 Gms. X 36,160.00
Grocery:Beauty Cream MV 50 Gms. X 72,180.00
Grocery:Bedekar's Pickels,20.00
Grocery:Bikano Metha Bandha Gift Pack,50.00
Grocery:Bikano Mini Gulab Jamun,35.00
Grocery:Bikano Shahi Gulab Jamun,60.00
Grocery:Boost 500 Gms,95.00
Grocery:Brown Sugar,22.00
Grocery:Burfi Kaleva,0.00
Grocery:Chat Para 4 Ctn.,18.00
Grocery:Chhash Masala,28.00
Grocery:Coconut Chips 25 lb.,80.00
Grocery:Coconut Fine 25 KG.,80.00
Grocery:Coconut Flacks 25 lb.,55.00
Grocery:Coconut Grated 2 Lb. Dry,4.50
Grocery:Coconut Medium 25 Kg.,80.00
Grocery:Coockies,70.00
Grocery:Crispy Baqar Khani,34.00
Grocery:Crispy Puff Pastry,34.00
Grocery:Crispy Twistees,34.00
Grocery:Cut  Corn in CAN,18.00
Grocery:Dabur Meswak Tooth 200 Gms.,72.00
Grocery:Dabur Vatika Shampoo 400 mls. X,60.00
Grocery:Dawat Red Super,12.50
Grocery:Dettol 500 Mls.,40.00
Grocery:Ginger candy,36.00
Grocery:Gits,11.00
Grocery:Hajmola,10.00
Grocery:Herbal tooth paste 72 Pcs.,144.00
Grocery:Honey 8oz. X 12,42.00
Grocery:Idhiyam Oil .5 Lit X 20,63.00
Grocery:Idhiyam Oil 1 Lit X 10,58.00
Grocery:Idhiyam Oil 2 Lit X 6,70.00
Grocery:Idhiyam Oil 5 Lit X 4,110.00
Grocery:India Gate Sella 10Lb. X 4,36.00
Grocery:Jaggeri 4 x 11lbs.,34.00
Grocery:Jivraj Tea 1 Lbs.,90.00
Grocery:Karachi Cashew Bisc,60.00
Grocery:Karachi Double Delight Bisc,65.00
Grocery:Karachi Fruit Bisc,55.00
Grocery:Karachi Pista Bisc,60.00
Grocery:Karachi Salt Bisc,55.00
Grocery:Kayam Churna 100 Gms X 100,130.00
Grocery:Kelvert Jeera Masala Syrup 700,34.00
Grocery:Kelvert Kachi Keri Syrup 700,34.00
Grocery:Kelvert Khus Syrup 700,34.00
Grocery:Kelvert Kokum Crush Syrup 700,34.00
Grocery:Kelvert Lemon Barly Syrup 700,34.00
Grocery:Kelvert Lemon Juice Corfdinal S,34.00
Grocery:Kelvert Lemon Syrup 700,34.00
Grocery:Kelvert Orange Syrup 700,34.00
Grocery:Kelvert Pineapple Syrup 700,34.00
Grocery:Kelvert Rose Syrup 700,34.00
Grocery:Kelvert Seffron Syrup 700,34.00
Grocery:Kelvert Strawberry Syrup 700,34.00
Grocery:Kissan Jam,60.00
Grocery:Kithul Palm Jaggery 500 Gms. X,90.00
Grocery:Knoor Soup Chinese Manchuryn,45.00
Grocery:Knoor Soup Chinese Shezwan,42.00
Grocery:Knoor Soup Hot N Sour,42.00
Grocery:Knoor Soup Mix Veg.,42.00
Grocery:Knoor Soup Sweet Corn,42.00
Grocery:Knoor Soup Thick Tomato,42.00
Grocery:Kolhapuri Techa 100 X 100 Gms.,70.00
Grocery:Kolkata Dry Pan 20 Packs,50.00
Grocery:Kushal Kanthil 5 Gms. X 21,35.00
Grocery:Lapsi In Brine 400 Gms.X24,60.00
Grocery:Lapsi Pickle Hot 400 Gms.X24,60.00
Grocery:Lay's chips,32.00
Grocery:Lijjat Garlic Papad 200 Gms.,85.00
Grocery:Lijjat Green Chillie Papad,90.00
Grocery:Lijjat Jeera Papad,52.00
Grocery:Lijjat Plain Papad,56.00
Grocery:Lijjat Plain Papad 200 Gms.X 80,85.00
Grocery:Lijjat Punjabi papad,85.00
Grocery:Lijjat Red Chilli Papad,52.00
Grocery:Lijjat Sindhi Papad,60.00
Grocery:Lipton Tea Bags,38.00
Grocery:Maggie Hot & Sweet 1 Kg. X 12,49.00
Grocery:Maggie Hot & Sweet 500 Gms X 24,38.00
Grocery:Maggie Masala Noodle 140 Gms.,28.00
Grocery:Maggie Masala Noodle 560 Gms. X,28.00
Grocery:Maggie Masala Noodle 600 Gms.,28.00
Grocery:Maggie Masala Noodles 280 Gms.,32.00
Grocery:Maggie Masala Noodles 420 Gms.,26.00
Grocery:Maggie Masala Noodles 70 Gms. X,28.00
Grocery:Mango Lassi,24.00
Grocery:Masala Para 4 Ctn.,18.00
Grocery:Matti Ni Tawadi 10 Pcs.,55.00
Grocery:Medimix Soap 18 Herbs 125 Gms,130.00
Grocery:Medimix Soap Large,14.00
Grocery:Miswak Tooth Paste 72 Pcs.,144.00
"Grocery:Moov Cream 50 Gms,.",2.50
Grocery:Mukhwas,25.00
Grocery:Mysore Sandal Talc 300 Gms. X24,55.00
Grocery:Mysore Sandle Soap 150 Gms.,74.00
Grocery:Mysore Sandle Soap 75 Gms.,125.00
Grocery:Namakpara 8 Ctns,35.00
Grocery:Nanak Kaju Katli,50.00
Grocery:Nanak Kaju Roll,55.00
Grocery:Nanak sweet Assorted,50.00
Grocery:Neem Powder 80 PAcks,144.00
Grocery:Neem Tooth Paste 72 Pcs,144.00
Grocery:NesCafe 200 Gms X 12,42.00
Grocery:No Mark 25 Gms. X 200,400.00
Grocery:Noodle 75 Gms.,40.00
Grocery:Nutralla Soya Granuals 200 Gms.,42.00
Grocery:Nutrella Mini Soya Chunks 200 G,45.00
Grocery:Nutrella Soya Chunks 200 Gms.,46.00
Grocery:Nycil Talc 150 Gms. X 60,100.00
Grocery:Nycil Talc Gulab Jal 150 Gms.,100.00
Grocery:Olive Pomage Oil,30.00
Grocery:Om Sai Flora,175.00
Grocery:Organic Ajwan 100 Gms.,73.00
Grocery:Organic Arahar Dal 2 Lbs.,57.00
Grocery:Organic Besan 2 Lbs.,40.00
Grocery:Organic Black chana 2 Lbs.,51.00
Grocery:Organic Chana Dal 2 Lbs.,47.00
Grocery:Organic Clove 100 Gms.,178.00
Grocery:Organic Corinder Powder,70.00
Grocery:Organic CTC Tea,95.00
Grocery:Organic Fennal 100 Gms.,73.00
Grocery:Organic Fenugreek 100 Gms.,62.00
Grocery:Organic Garam Masala,108.00
Grocery:Organic Ghee 500 MLs. X 30 Pcs.,240.00
Grocery:Organic Green Tea 114 Gms.,130.00
Grocery:Organic Kabuli Chana 2 Lbs.,57.00
Grocery:Organic Lemon Tea,118.00
Grocery:Organic Maida 2 Lbs.,29.00
Grocery:Organic Malka Masoor (Red) 2 Lb,52.00
Grocery:Organic Moong Spilt 2 Lbs.,56.00
Grocery:Organic Moong Washed 2 Lbs.,63.00
Grocery:Organic Moong Whole 2 Lbs.,62.00
Grocery:Organic Mustard 100 Gms.,64.00
Grocery:Organic Mustard Black,57.00
Grocery:Organic Mustard Oil 500 Gms.,32.00
Grocery:Organic Rajma Red 2 Lbs.,81.00
Grocery:Organic Rasgulla 100 X 12 Pcs.,47.00
Grocery:Organic Rasmalai 1000 gms. X 12,47.00
Grocery:Organic Red Chillie Powder 100,83.00
Grocery:Organic Rice Poha,24.00
Grocery:Organic Suji 2 LBs.,34.00
Grocery:Organic Turmeric Powder 100 Gms,83.00
Grocery:Organic Urad Split Washed 2 Lbs,50.00
Grocery:Organic White Sugar 2 Lbs.,52.00
Grocery:Pan Candy 20 Packs,50.00
Grocery:Pan Pasand Candy 100 gms. X20 B,22.00
Grocery:Paraboil Rice 20 Lb. Laxmi,14.00
Grocery:Parle Malody Candy 454.2 Gms. X,60.00
Grocery:Peanuts Jabsons 400Gms.,95.00
Grocery:Peanuts Masala 150 Gms.,27.00
Grocery:Pears Soap 125 Gms X 72,110.00
Grocery:Pears Soaps 75 Gms. X 108 Pcs.,108.00
Grocery:Pocas Coconut Hard Candy,36.00
Grocery:Pocas Ginger - Coconut Candy,36.00
Grocery:Pocas Ginger Candy - Hard,42.00
Grocery:Pocas Premium Mixed Cranola 12/,30.00
Grocery:Potato Jalli 400 Gms X 25,75.00
Grocery:Potato Salli 400 Gms. X 25,70.00
Grocery:Prakash Kolhapuri Thecha,70.00
Grocery:Ragi Dosa mix 20 Packs,26.00
Grocery:Ragi Huri Hittu 20 Packs,29.00
Grocery:Raja Chuna 100 Gms. 144 Pcs.,60.00
Grocery:Raja Chuna 200 gms.,60.00
Grocery:Raju Khichiya 150 Gms. X 20 Bag,26.00
Grocery:Raju Khichiya Loose 6 ' 500 Gms,29.00
Grocery:Raju Snack 200 Gms.X 20 Packs,20.00
Grocery:Raju Snack 400 Gms.X 20 Packs,35.00
Grocery:Ravalgaon Mix Cherry Candy 500,85.00
Grocery:Ravalgaon Pan Pasand Candy 500,100.00
Grocery:Red Label Tea 500 Gms. X 24,115.00
Grocery:Regal Basmati,42.00
Grocery:Rice,13.50
Grocery:Rice - 2 Elephant 25lb,8.00
Grocery:Rice Khichia Papad,35.00
Grocery:Ruchi Pickles 300 GMS. X 24,29.50
Grocery:Seasoned Sea Laver 24 X 13.5 Gm,23.00
Grocery:Sella Paraboiled Basmalti Rice,29.50
Grocery:Society Tea 450 Gms. X 12,55.00
Grocery:Sona Masuri Rice 20 Lbs.,48.00
Grocery:Sunflower Oil 12/1 Ltr Plastic,60.00
Grocery:Sunflower oil 4/5 Ltr Tin,99.00
Grocery:Sunflower Oil 6/2 Lit Plastic B,55.00
Grocery:Tuver Dal,115.00
Guava Candy 30 X 12.3 Oz. Bag,70.00
Guava in Can,36.00
Guava Paste 21 Oz.,56.00
Guava Pink,50.00
Gujarati Belan,1.25
Gunda,55.00
Guvar Beans,52.00
Habanero - Plants,6.00
Habanero Chillie,20.00
Habit Drink,38.00
Hakka Noodle 150 Gms.,34.00
Hakka Noodle 600 Gms.,34.00
Halls Candy 100 Gms. X 20 X4,25.00
Hand Sanatizer 10 Pcs.,33.00
Heirba Mora,39.00
Herbi + Ashwagandha Powder 7 Oz,42.00
Herbi + Juice 16.5Oz. 24 Pcs.,78.00
Hersey Fudge,16.00
Hershey Chocolate Syrup 24 Oz.,54.00
Hing LG 50 Gms.,2.25
Holi Color 4 Oz. 50 Pcs.,50.00
Holi Color 7 Ozs.,96.00
Honey,29.00
Honey 16 oz. / 12 Pcs..,73.00
Honey 30Oz. X 12 Pcs.,101.00
Honey W/Comb 12/624 Gms.,85.00
Honey W/Comb 18/350 Gms. (12.3),110.00
Honey W/Comb 9/1100 Gms,109.00
HoneyMelon,29.00
Hot Sauce - Jamaican Sauce,38.00
Hot Sauce - Soogrim Brand,38.00
Hot Sauce - Surinaam Sauce,36.00
Hot Sauce Lemon - Soogrim Sauce,40.00
Hot Sauce Lemon Chunks- Soogrim,40.00
Idly Maker,5.00
Idly Mix,17.00
Idly Mix Vijay,40.00
Idly Rice,18.00
Idols 12 Inch,30.00
Idols 13 Inch,32.00
Idols 17 Inch,35.00
Idols 4.45 Inches,6.00
Idols 5.5,66.00
Idols 8.5 Inches,51.00
Indi curry Powder 10 X 800 Gms.,55.00
Indi Curry Powder 20 X 400 Gms.,62.00
Indi curry Powder 40 X 200 Gms.,62.00
Indi curry Powder 80 X 85 Gms.,72.00
Jackfruit Baby,58.00
Jackfruit Seeds in Can,19.00
Jackfruit Yellow in Can,62.00
Jaggeri Plum,2.25
Jalapinios,14.00
Jamaican Pepper,49.00
Jamun Powder 80 Packs,144.00
Jasmine Rice 25 Lbs.,18.00
Jasmine Rice 5 X 10 Lbs.,35.00
Jello Candy Bag,0.00
Jello Candy Jar,33.00
Jello Jar Charctor 6 Pcs.,41.00
Jello Jar Round 6 Pcs.,42.00
Jello Sticks,25.00
Jello Yogo Pops 15 Pcs.,19.00
Jicama,22.00
Juicy Chew Challenge in Bag 30/,31.00
Juicy Chew Challenge in Jar 6/4,34.00
Juicy Chew Jelly Sticks In Bag,22.00
Juicy Chew Jelly Sticks In Jar,26.00
June Plum,75.00
Junk,60.00
Jute Leaves,35.00
Jute Leaves Plants,20.00
Kabocha,29.00
Kale,19.00
Kalmi Saag,64.00
Kantola,11.00
Karela - Hondurus,49.00
Karela - Local Florida,49.00
Karela Plants,28.00
Karela White,42.00
Kashmir-Cake Rusk Economy,28.00
Kashmir-Cream Roll,28.00
Kashmir-King Cake Rusk,47.00
Kashmir-Puff Pastry,27.00
Kashmir-Tea Rusk X 18,27.00
KCB Bomaby Pav 8oz.,18.00
KCB Cake Rusk NE Big,52.00
KCB Cake Rusk NE Small,27.00
KCB Chai Buiscuit 7 Oz.,23.00
KCB Cocnut Biscuit 25 Oz.,47.00
KCB Cream Roll,0.00
KCB Crown Cake Rusk,0.00
KCB Desi Bread,26.00
KCB Fancy Roll 7 Oz.,32.00
KCB Fried Moori 14 Oz.,37.00
KCB Green Peas,23.00
KCB Jeera Biscuit,23.00
KCB Mango Cake Sliced,0.00
KCB Morning Toast,29.00
KCB Namak Para 10 Oz.,41.00
KCB Plain Tea Rusk,32.00
KCB Punjabi Pipa Biscuit,50.00
KCB Raisin Bread,26.00
KCB Soonfi Cake Rusk Big,52.00
KCB Soonfi Cake Rusk Small,27.00
KCB Special Cake Rusk 12 Oz.,27.00
KCB Sweet Bakar Khani 10oz.,29.00
KCB Sweet Bread 16oz.,25.00
KCB Whole wheat Bread,0.00
Kirbi,35.00
Kirbi-Plastic Container,54.00
Kirbi - Mr.Pickle,45.00
Kirbi # 1,45.00
Kitkat,25.00
Kolrabi,32.00
Krazy Krisp 24 X 40 Gms.,16.50
Kurkure,34.00
KY Beans,30.00
Laminated Pics,5.00
Lassi Masala Chaas Spiced 16 Oz,19.00
Lassi Masala Chaas Spiced 50 Oz,21.00
Lassi Mint 16.Oz./12,18.00
Lassi Mint 50 Oz./6,24.00
Lassi Original 16Oz./12,19.00
Lassi Original 50Oz./6,24.00
Lassi Rose,29.00
Lassi Salty,29.00
Lassi Strawberry 16Oz./12,16.00
Lassi Strawberry 50Oz./6,27.00
Lau Shaak,32.00
Lemon 115 Sz.,42.00
Lemon 140 Sz.,48.00
Lemon 165 Sz.,32.00
Lettuce,34.00
Lettuce Romain,0.00
Lime 150 Pcs.,59.00
Lime 175 Ct.,70.00
Lime 175 Pcs. - Kagati,46.00
Lime 200 Pcs.,68.00
Lime 250 Pcs.,91.00
Long Bean White 10 Lbs.,40.00
Long Beans - Red,35.00
Long Beans - White 40lbs.,100.00
Long Beans Green 30lbs,110.00
Long beans Plants,18.00
Long Beans White 10 Lb.,44.00
Long Beans White 30 Lb.,120.00
Long Hot Pepper,29.00
Long Sqaush Leaves,40.00
Long Squash,38.00
Long squash ( Bangali),60.00
Long Squash ( INDIAN ),59.00
Long Squash (Bangali - Cali),60.00
Long Squash (White- Bangali),34.00
Long squash leaves,0.00
Long Squash Plants,25.00
Longan in Can,42.00
Lotti,247.50
Lunch Napkin 12 X 500,49.00
Lychee Candy 350 Gms.,49.00
Lychee in Can,72.00
Lytchee Candy,15.00
Lytchee Candy 350 Gms X 30 Bags,44.00
Maggie Ketchup 1 Kgs.,50.00
Maggie Ketchup NONG Sauce,58.00
Magnet - Freezer,1.00
Malai Paneer 12oz. X 36 Pcs.,130.00
Malanga Coco,37.00
Malanga Lila,42.00
Malanga White,75.00
Malanga Yellow,56.00
Mango Baby 22 Lb.,49.00
Mango Leaves,80.00
Mango Pickle Sugrim,48.00
Maqueno Plantain,28.00
Maria Crackers 3 Packs X 10,22.00
Maria Crackers 3.5 Oz.,15.00
Maria Crackers 7 Oz. X 16 Pks.,14.00
Masala Dabba Clear Lid,12.00
Masala Dabba SS Lid,10.00
Masala Paratha 5Pcs.,1.75
Mashroom,12.00
Mathia,1.75
Medimix 18 Herbs 750 Mls X 12e,84.00
Medium Chilli 25 lbs.,100.00
Medium Chillie 10 Lb,28.00
Medium Chillie 15 Lb,30.00
Medium Chillie 15 lb.,32.00
Medjul Dates 1 KG.,72.00
Mehdi Cone 12 Pcs,12.00
Mehdi Cone 25 X 35 Gms.,25.00
Melody Perfume 100 MLs.,198.00
Methi,33.00
Methi - TX,35.00
Milo Jamaican Tin 12 X 14 Oz.,36.00
Milo Ready To Drink,15.00
Milo Tonic 24 X 14 oz.,75.00
Milo Tonic 6 X 3.3 lbs.,62.00
Mint,15.00
Misc,1.00
Mogra,12.00
Momo Steamer 4 Steps,48.00
Momo Steamers 3 Steps,55.00
Moongra,65.00
Moori Fried,32.00
Morga - Plant,10.00
Moringa Leafs 6 X 2 Oz.,20.00
Muli-Cali,42.00
Muli - Texas,42.00
Muli - TX,42.00
Muli Red,24.00
Muli Saag ( Yul Moo),48.00
Muli W/O Leafs,26.00
"Mundu Chillie Round 200 Gms,",40.00
Murti - 12 Inch,39.00
Murti - 3 Inch,10.00
Murti - 6 Inch,16.00
Murti - 9 Inch,25.00
Mushroom,18.00
Mushroom Oystar 5 lbs.,23.00
Mushroom Oyster King,45.00
Mushroom Shitaki 3 Lbs. NJ,16.00
Mushroom White Beach ( 40X 150,38.00
Mustard Green,49.00
Mustard Green Baby,39.00
Naan - Paratha,35.00
Naan - Paratha:Kulcha Naan,28.00
Naan - Paratha:Onion Naan,22.00
Naan - Paratha:Rughni Naan,20.00
Naan - Paratha:Whole Wheat Naan,34.00
Navaratan  Hair Oil 500 Mls.,120.00
Navaratan Hair Oil 200 Mls.,150.00
Navaratan Hair Oil 300 Mls.,168.00
Neem Flowers,15.00
Neem leaf / lb,11.00
Nescafe Original 210 Gms. X,42.00
Nestle Peanut Punch,34.00
Nido Milk Powder 12 X 31.75 oz.,84.00
Nido Milk Powder 24 X 14 Oz.,82.00
Nido Milk Powder 6 * 63.5 oz.,85.00
Noga Dahi 2 Lbs.,28.00
Noga Dahi 32 Lbs.,34.00
Noga Dahi 4 Lbs.,33.00
Noya Parboiled Rice,42.00
Okra Indian,24.00
Okra Indian 10 Lb.,32.00
Okra Indian Cal 15 Lb.,33.00
Okra Indian Cali,32.00
Okra Plants,20.00
Okra Red,24.00
Okra Reg,32.00
Okra Reg 11Lb.,18.00
Okra Reg Cal,30.00
Okra Reg Cal 15 Lb.,33.00
Okra Reg FL,20.00
Olive Oil Extra Virgin 4 X 3 li,78.00
Onion - Pearl,34.00
Onion - Shallots,68.00
Onion - Spanish,24.00
Onion - White,39.00
Onion Loose,28.00
Onion Red,20.00
Onion red 10 Lb. Small,5.25
Onion Red 10 Lbs. Canada,5.00
Onion Red 10 lbs. Reg.,4.25
Onion Red 10 lbs. Small,3.00
Onion Red 25 Lbs.,20.00
Onion Red 2lb / 20 bags,26.00
Onion White 10 Lbs.,2.50
Onion Yellow - Canadian 10 Lbs.,5.00
Onion Yellow 10 lb.,3.00
Onion Yellow 2lb / 20 bags,24.00
Orange Candy,15.00
Orange Navel Choice 36 CT.,28.00
Organic Urad Whole 2 Lbs.,49.00
Ovaltin 1200gm,42.00
Ovaltin 200 Gms.,42.00
Ovaltin 400gm,34.00
Ovaltin Biscuit 24 x 14 Oz.,21.50
Packing Charge,140.00
Pad Thai Sauce 36 X 260 Gms.,60.00
Paha,75.00
Pallet Wrap,50.00
Pallets,5.00
Palm Sugar ( 36 * 16 oz.),56.00
Pan Leaves,150.00
Pan Parag,525.00
Pan Pasand,22.00
Paneer 2.5 Lbs. Darle,65.00
Paneer 24 / 14 Oz. Fresh,96.00
"Paneer 24 Bars, 14 Oz. Nanak",98.00
Paneer 32 Pcs. X 12Oz. - Nanak,142.00
Paneer 5 Lbs. Darle,2.85
Paneer BULK,124.00
Paneer Cut 24 Packed 8 Oz.,72.00
Paneer Fried  24 Packed 8 Oz.,72.00
Paneer Homestyle - Raymoundos,70.00
Paneer Khoe/Mawa,138.00
Paneer Low Fat Homestyle - Raym,72.00
Paneer Malai 36 Pcs. X 12 Oz.,145.00
Paneer Organic 200 Gms. X 24 Pc,78.00
Paneer Raw Cut  24 Packed 8 Oz.,69.00
Pani Puri,48.00
Panipuri,58.00
Panipuri - Krispy,24.00
Panipuri 175 Gms. Vidhya's,50.00
Panipuri 260 Gms. X 6 Tray Vidh,36.00
Panipuri Laxmi 18 X 140 Gms.,59.00
Panipuri Unfried,24.00
Papaya,30.00
Paper Roll,20.25
Paper Towel 30 Pcs,27.00
Papri,100.00
Parle G Biscuit 192 X 56.4 Gms.,21.00
Parle Krack Jack 48 X 60 Gms.,18.00
Parval,85.00
Pat Agarbati Rose 20 Gms.,0.60
Pat Almond Hair Oi 100mls. X 10,2.25
Pat Aloe Vera Fiber 1 Ltr. X,84.00
Pat Amla Ras 1 Ltr X 12,85.00
Pat Amrit Rasayan 500 Gms. X 24,4.00
Pat Awala Hair oil 100 Mls. X 1,2.25
Pat Dant Kanti Junior 100 Gms.,2.25
Pat Dant Kanti Medicated 100 Gm,2.25
Pat Dantmanjan Paste 100 Gms.X1,2.15
Pat Face pack Honey orange 60 m,2.25
Pat Facepack Aloevera Orange  6,2.25
Pat Facewash Neem&Tulsi 60mls.X,2.25
Pat Facewash Rose 60mls.X96,2.25
Pat Gulkanda 400 Gms. X24,4.25
Pat Kajal 3 Gms. X 144,3.00
Pat Kesh Kanti Hair oil 120 mls,3.00
Pat Pachak Harad 100 Gms. X 100,2.25
Pat Pachak Hing Peda 100 Gms. X,2.25
Pat Sheetal Hair oil 100mls.X10,2.25
Pat Special Chawanprash 500gms.,4.00
Pat Tejus Til 100 Mls. x 100,2.25
Patla,5.00
Peanut  Roasted,79.00
Pear Golden 9 Sz.,33.00
Pear Korean # 12,28.00
Penny Wort 10 lb.,65.00
Pepino Melon,30.00
Peppers - G & F,300.00
Perfume Dhoop Stick,10.00
Perfume Stick Mogra,10.00
Phulka Roti 12 X 18 Pcs.,58.00
Pickle,36.00
Pimento Pepper,50.00
Pineapple,15.00
Pineapple Candy 350 Gms.,44.00
Pineapple in Can,36.00
Pineapple Salad Dressing,39.00
Pizza Nanak Paneer,68.00
Plantain,39.00
Plantain Hawaii,59.00
Plantain Yellow,33.00
Plants,15.00
Plastic Cup  12 Oz.,34.00
Plastic Cup 6 Oz.,65.00
Plastic Cup 7 Oz.,48.00
Plastic Tray 10 Compartment,80.00
Plastic Tray 11 Compartment,80.00
Plastic Tray 6 Compartment,67.00
Plastic Tray 7 Compartment,80.00
Plastic Tray 8 Compartment,80.00
Plastic Tray 9 Compartments,80.00
Plastic Trey 5 Compartment. 300,60.00
Plastic Vadki 6 Oz.,55.00
Plug,1.00
Pocas Bowl Noodle Soup 16/3.17,16.00
Pocas Bubble Teas,48.00
Pocas Ginger Chew Candy,34.00
Pocas Ginger Milk Teas 20 Pks.,70.00
Pocas Ginger Teas 10 Pks. X 24,38.00
Pocas Ginger Teas 20 Pks. X 24,62.00
Pocas Maringa Tea,36.00
Poi Plants,35.00
Poi Saag,49.00
Poi Saag - New Jersey,25.00
Poizo Perfume  100 Mls.,198.00
Pole Beans,42.00
Ponni Boiled 20 Lbs.,18.00
Pooja Set,10.00
Poojan Box,10.00
Poster Big,8.00
Poster Small,2.00
Potato Estern 5 Lb.,38.00
Potato Idaho,28.00
Potato Leaves,49.00
Potato Red 'A',38.00
Potato Red 'B',42.00
Potato Red 'C',69.00
Potato Red  5Lb.,39.00
Potato White 'A',59.00
Potato White 'B',49.00
Potato White 'C',63.00
Puja clothes,2.00
Puja Coconuts,39.00
Puja Nut,25.00
Pulse Guava X 16 Jar,7.00
Pulse Kaccha Aam X 16 Jar,7.00
Pumpkin Leafs,49.00
Pumpkin Leafs - Premium,75.00
Punjabi Belan,1.50
Puri- CRISPY,35.00
Purple Yam,58.00
Raitip Dried Chilli,55.00
Raju Khaja 400 Gms X 12,58.00
Rakhi,12.00
Rakhi # 1,4.00
Rakhi # 3,16.00
Rakhi # 4,9.00
Rakhi # 5,6.00
Rakhi # 6,14.00
Rambutan,40.00
Rasmalai Big 6 Pcs.,101.00
Ratalu,80.00
Ready To Eat,0.00
Ready To Eat:Baigan Bhartha,22.00
Ready To Eat:Fried Rice,20.00
Red Chillie,150.00
Red Flat Beans,75.00
Red Kidney 29 oz.,31.00
Red Kidney Beans,31.00
Red Leaves,75.00
Red Leaves Plants,20.00
Red Pepper Fresno 30 Lbs.,55.00
Rice - Royal Basmati Rice,11.50
Rice Dave's Choice,35.00
Rice Flour 10 X 4 Lbs.,26.00
Rice Paraboil Guayanese,38.00
Rice Stick 30 X 1 Lb. Aro,39.00
Rice Stick 30 X 1 Lb. ERAWAN,58.00
Roasted Cumin Powder 500 Gms.,5.50
Romaine Leafs,25.00
Roti - Methi,40.00
Roti Besan,40.00
Roti Crispy - Red,17.50
Roti Crispy - Regular,35.00
Roti Crispy - Whole Wheat,35.00
Roti Fresh  8 X 12 Pcs.,38.00
Roti Fresh Original 9 X 12 Pcs.,40.00
Roti gujarati,35.00
Roti Tava Fresh 12X14 Pcs.,55.00
Rotika,0.00
Round Long Squash,65.00
Royal Pani Puri 18 X 4 Oz.,62.00
Rulo Banana,29.00
Rumali Roti,33.00
Saffron 1 Gms.,30.00
Saffron 1 Oz.,30.00
Saffron 2 Gms. X 12 Packs,54.00
Saffron 5 Gms. X 12,120.00
Safi 100 Mls. X 40,60.00
Safi 200 Mls. X 40,75.00
Safi 500 Mls. X 12,60.00
Salt Daimond Crystal Iodized,20.00
Salt Diamond Crystle,17.00
Salt Red Cross Iodized,14.00
Sambal Chili Paste 1 Gal,35.00
Sambal Chili Paste 18 oz X 12 P,45.00
Sambal Chili Paste 8 oz,49.00
Sambar Mix - Frozen,56.00
Samosa Veg (Fresh),50.00
Sapota in Can,55.00
Sarso Ka Saag,59.00
Scallions / Green Onion,19.00
Shahghai Choy,28.00
Shopping Bag 1/10,18.00
Shopping Bag 1/6,20.00
Shopping Bag 1/8,18.00
Shrink Wrap 18*90 Guage,0.00
Small Chilli,95.00
Small Chillie Plants,20.00
Snacks,0.00
Snacks:Bhadran Moong 400 Gms.,75.00
Snacks:Britania Marie Gold 240 Gms X 3,28.00
Snacks:Chakri,50.00
Snacks:Chakri - Jalapinios,50.00
Snacks:Chipotale Peanut,50.00
Snacks:Dosa Khakhra Big,4.50
Snacks:Dosa Khakhra Small,3.50
Snacks:Garbaddas Papad Chavanu mix 300,40.00
Snacks:Gujia Kaju,120.00
Snacks:Idhiyam Aval Mixture 340 Gms. X,34.00
Snacks:Idhiyam Banana Chips 340 Gms.X,65.00
Snacks:Idhiyam Banglore Mixture 340 Gm,38.00
Snacks:Idhiyam Bittergourd Masala Chip,40.00
Snacks:Idhiyam CornFlex Mixture,38.00
Snacks:Idhiyam Garlic Mixture,36.00
Snacks:Idhiyam Jackfruit Chips 340 Gms,45.00
Snacks:Idhiyam Kerala mixture 340 Gms.,38.00
Snacks:Idhiyam Malabar Mixture,35.00
Snacks:Idhiyam Tanjur Mixture,38.00
Snacks:Idhiyam Tapioca Chips 170 GmsX,38.00
Snacks:Idhiyam Tikha Ganthiya,60.00
Snacks:Idhiyam Trissur Mixture,35.00
Snacks:Idhiyam Udupi Mixture,35.00
Snacks:Idhiyam White Mixture,35.00
Snacks:Jalebi,40.00
Snacks:Kaju Katri,110.00
Snacks:Kaju Roll,120.00
Snacks:Kerala mixture 200 Gms.,53.00
Snacks:Matthi,55.00
Snacks:Milk Cakes,98.00
Snacks:Moori - Mamra,32.00
Snacks:Namakpara,50.00
Snacks:Nanak - Gulab Jamun,64.00
Snacks:Orange Para,40.00
Snacks:Pineapple Para,40.00
Snacks:Pocky Cracker Family Pack,15.00
Snacks:Pocky Cracker Regular Pack,14.00
Snacks:Rassogulla 12 Packs,28.00
Snacks:Real Snacks,32.00
Snacks:Sakkar para Sweet,50.00
Snacks:Yan Yan Cracker,12.00
Snake Beans,85.00
Snake Gourd 30Lbs.,65.00
Snow Peas,0.00
Sona Masoori Rice 2 X 20 Lbs. L,28.00
Soogrim-Jamaican Sauce,36.00
Soups,0.00
Soups:Hot & Spicy,9.00
Soups:Spicy Shrimp,9.00
Sour Tamarind Box 454 Gms. X 16,65.00
Soy Beans Leafs,0.00
Spicy Sea Food Sauce 24 X 290 M,35.00
Spinach,39.00
Spinach Baby,48.00
Spinach Loose,33.00
Splitz Tamarind Concentrate,96.00
Spoon White,14.00
Sriracha Chili Sauce 17oz,54.00
Sriracha Chili Sauce 28 oz,69.00
Sriracha Chili Sauce 9oz,45.00
Straw Coconut,35.00
Strawberry Candy 12.3 X 30 Bags,49.00
Strawberry Clamshell 8 X 1 Lbs.,15.00
String Beans,22.00
Sugar,25.00
Sugar cane Juice 24 X 300 Ml.,38.00
Sugar Cane Stick Lrg.,24.00
Sugarcan(Lrg) Can 12 X 48 Oz.,55.00
Sugarcan(Med) Can,55.00
Sugarcan(Sml) Can,55.00
Summer Squash,36.00
Suran,170.00
Sweet,3.75
Sweet Chillie Sauce 12 X32  Oz.,47.00
Sweet Lime,32.00
Sweet Peas,19.00
Sweet Potato,59.00
Sweet Tamarind Box 454 Gms. X 1,78.00
Tamarind Candy  spicy 100 X 3.5,112.50
Tamarind Candy 100 X  3.5oz.,112.50
Tamarind Loose,59.00
Tamarind Paste 16oz,130.00
Tamarind Paste 200 Gms. X 100,115.00
Tamarind Paste 400 Gms. X 50,120.00
Tar - Cucumber,55.00
Taro Leaves,39.00
Tea Cookies Hoque,30.00
Thai Salad Dressing,37.00
Thai Sweet Sour Stir fry 320 G,45.00
Tinda,85.00
Tindora,69.00
Toddy Palm in Syrup,68.00
Tomato,30.00
Tomato baby,10.00
Tomato Beef,5.00
Tomato Green,25.00
Tomato Plants,20.00
Tomato Plants -  Beef,6.00
Tomato Steam,12.00
Tortillas Flour 12 X 12 Pcs.,53.00
Toucan Coconut Milk Drink 12 /9,12.00
Trash Bag,0.00
Tree Tomatoes,36.00
Tulsi - Fresh,25.00
Tulsi Big Plant,10.00
Tuong Chili Garlic Sauce 18 oz,45.00
Tuong Chili Garlic Sauce 3/1 ga,42.00
Tuong Chili Garlic Saucel 8 oz,42.00
Turia - Chinese Okra,59.00
Turia - Local,56.00
Turmeric White,110.00
Turmeric White - FIJI,130.00
Turmeric Yellow,98.00
Turmeric Yellow - FIJI,95.00
Turmeric Yellow Fiji,140.00
Turnip,35.00
Tuver Fresh,69.00
USDA Inspection,0.00
Uttapaum Mix,15.00
Valor - Broad,78.00
Valor - Long Florida,79.00
Valor - Purple 20 Lbs.,85.00
Valor - Purple 25 Lb.,112.50
Valor - Round Dominican,90.00
valor - Round Florida 20 Lbs.,75.00
Valor - White,105.00
Valor Beans 20Lbs.,65.00
Valor Plants,28.00
Vegetable Ghee 1 Lb. X 24Ctn.,48.00
Vegetable Ghee 2 Lb. X 12Ctn.,38.00
Vegetable Ghee 5 Lb. X 6 Ctn.,36.00
Vegetable Roll - Big roll Plast,28.00
Vegetable Roll - Plastic Bag,16.00
Verdolaga,25.00
visarjan GaneshJi,15.00
Wai Wai Vermecelli,29.00
Water Spinach,49.00
Watercress,26.00
Weri Weri Plants,28.00
Win Beans,80.00
Winter Melon,39.00
Yam Brazil - Cuscus,78.00
Yam Costa Rican,65.00
Yam Leaf,39.00
Yellow Noodles 10 X 5 Lbs.,90.00
Yu Choi,34.00
Yucca,34.00
Yucca Leafs,42.00
Yucca Leaves,42.00
Zed Black Dhoop Cones,10.00
Zed Black Dhoop Stick,10.00
Zed Black Gauved Dhoop Cup,4.00
Zed Black Nag Champa,180.00
Zed Black Wax Gift Set,9.00
Zed Luxury Agarbatti 36 Doz.,108.00
Zed Premium Agarbatti 36 Ps,252.00
Zed Regular Agarbatti,96.00
Zed Regular Agarbatti 12 Pcs.,18.00
Zuchini(Green Squash),18.00
Inspection USDA,0.00
